tree_idx,node_idx,feature_idx,split_value,left_child,right_child,is_leaf,label
0,0,2,4.022197008132935,1,2,0,-1
0,1,-1,-1.0,-1,-1,1,1
0,2,4,7.521983623504639,3,10,0,-1
0,3,4,5.998413324356079,4,5,0,-1
0,4,-1,-1.0,-1,-1,1,0
0,5,0,15.548558235168457,6,7,0,-1
0,6,-1,-1.0,-1,-1,1,1
0,7,2,15.022196292877197,8,9,0,-1
0,8,-1,-1.0,-1,-1,1,1
0,9,-1,-1.0,-1,-1,1,0
0,10,1,9.512096405029297,11,12,0,-1
0,11,-1,-1.0,-1,-1,1,1
0,12,-1,-1.0,-1,-1,1,0
1,0,3,16.05740213394165,1,22,0,-1
1,1,0,12.112926483154297,2,5,0,-1
1,2,4,7.330554962158203,3,4,0,-1
1,3,-1,-1.0,-1,-1,1,1
1,4,-1,-1.0,-1,-1,1,0
1,5,0,14.889008522033691,6,9,0,-1
1,6,4,7.263921737670898,7,8,0,-1
1,7,-1,-1.0,-1,-1,1,1
1,8,-1,-1.0,-1,-1,1,0
1,9,0,15.821587562561035,10,19,0,-1
1,10,3,15.27734088897705,11,18,0,-1
1,11,3,15.190882205963135,12,17,0,-1
1,12,2,15.835031986236572,13,14,0,-1
1,13,-1,-1.0,-1,-1,1,0
1,14,3,14.995521545410156,15,16,0,-1
1,15,-1,-1.0,-1,-1,1,0
1,16,-1,-1.0,-1,-1,1,1
1,17,-1,-1.0,-1,-1,1,1
1,18,-1,-1.0,-1,-1,1,0
1,19,1,14.989983081817627,20,21,0,-1
1,20,-1,-1.0,-1,-1,1,0
1,21,-1,-1.0,-1,-1,1,1
1,22,4,5.942466974258423,23,24,0,-1
1,23,-1,-1.0,-1,-1,1,0
1,24,0,25.324328422546387,25,28,0,-1
1,25,1,10.001588582992554,26,27,0,-1
1,26,-1,-1.0,-1,-1,1,0
1,27,-1,-1.0,-1,-1,1,1
1,28,4,7.2045629024505615,29,30,0,-1
1,29,-1,-1.0,-1,-1,1,1
1,30,4,7.317405462265015,31,38,0,-1
1,31,4,7.275643825531006,32,37,0,-1
1,32,0,35.22230529785156,33,36,0,-1
1,33,0,32.68731117248535,34,35,0,-1
1,34,-1,-1.0,-1,-1,1,1
1,35,-1,-1.0,-1,-1,1,0
1,36,-1,-1.0,-1,-1,1,1
1,37,-1,-1.0,-1,-1,1,0
1,38,2,0.5,39,44,0,-1
1,39,4,7.651033878326416,40,43,0,-1
1,40,3,28.92326259613037,41,42,0,-1
1,41,-1,-1.0,-1,-1,1,0
1,42,-1,-1.0,-1,-1,1,1
1,43,-1,-1.0,-1,-1,1,1
1,44,-1,-1.0,-1,-1,1,1
2,0,0,27.44302272796631,1,14,0,-1
2,1,4,7.5411577224731445,2,11,0,-1
2,2,0,26.42966651916504,3,8,0,-1
2,3,2,18.776631355285645,4,7,0,-1
2,4,4,5.998413324356079,5,6,0,-1
2,5,-1,-1.0,-1,-1,1,0
2,6,-1,-1.0,-1,-1,1,1
2,7,-1,-1.0,-1,-1,1,1
2,8,2,4.491496801376343,9,10,0,-1
2,9,-1,-1.0,-1,-1,1,1
2,10,-1,-1.0,-1,-1,1,0
2,11,0,21.60417079925537,12,13,0,-1
2,12,-1,-1.0,-1,-1,1,0
2,13,-1,-1.0,-1,-1,1,1
2,14,0,31.34011459350586,15,18,0,-1
2,15,0,30.210097312927246,16,17,0,-1
2,16,-1,-1.0,-1,-1,1,1
2,17,-1,-1.0,-1,-1,1,0
2,18,0,36.725955963134766,19,22,0,-1
2,19,0,36.49466133117676,20,21,0,-1
2,20,-1,-1.0,-1,-1,1,1
2,21,-1,-1.0,-1,-1,1,0
2,22,-1,-1.0,-1,-1,1,1
3,0,0,21.160966873168945,1,26,0,-1
3,1,1,18.73109531402588,2,19,0,-1
3,2,3,12.236425876617432,3,12,0,-1
3,3,1,17.32516860961914,4,9,0,-1
3,4,1,16.69955825805664,5,6,0,-1
3,5,-1,-1.0,-1,-1,1,1
3,6,4,7.454618215560913,7,8,0,-1
3,7,-1,-1.0,-1,-1,1,1
3,8,-1,-1.0,-1,-1,1,0
3,9,4,7.201872110366821,10,11,0,-1
3,10,-1,-1.0,-1,-1,1,1
3,11,-1,-1.0,-1,-1,1,0
3,12,2,16.036343097686768,13,16,0,-1
3,13,4,7.224058151245117,14,15,0,-1
3,14,-1,-1.0,-1,-1,1,1
3,15,-1,-1.0,-1,-1,1,0
3,16,4,7.5713725090026855,17,18,0,-1
3,17,-1,-1.0,-1,-1,1,1
3,18,-1,-1.0,-1,-1,1,0
3,19,4,7.22624945640564,20,25,0,-1
3,20,3,12.736242294311523,21,24,0,-1
3,21,4,5.998413324356079,22,23,0,-1
3,22,-1,-1.0,-1,-1,1,0
3,23,-1,-1.0,-1,-1,1,1
3,24,-1,-1.0,-1,-1,1,0
3,25,-1,-1.0,-1,-1,1,0
3,26,1,4.1286940574646,27,38,0,-1
3,27,3,29.061577796936035,28,37,0,-1
3,28,3,28.942811965942383,29,36,0,-1
3,29,0,32.037203788757324,30,31,0,-1
3,30,-1,-1.0,-1,-1,1,1
3,31,3,27.75271511077881,32,35,0,-1
3,32,4,8.85752534866333,33,34,0,-1
3,33,-1,-1.0,-1,-1,1,0
3,34,-1,-1.0,-1,-1,1,1
3,35,-1,-1.0,-1,-1,1,1
3,36,-1,-1.0,-1,-1,1,0
3,37,-1,-1.0,-1,-1,1,1
3,38,0,26.91289234161377,39,40,0,-1
3,39,-1,-1.0,-1,-1,1,1
3,40,-1,-1.0,-1,-1,1,0
4,0,2,5.3308892250061035,1,6,0,-1
4,1,0,33.360504150390625,2,5,0,-1
4,2,0,32.789852142333984,3,4,0,-1
4,3,-1,-1.0,-1,-1,1,1
4,4,-1,-1.0,-1,-1,1,0
4,5,-1,-1.0,-1,-1,1,1
4,6,4,7.521983623504639,7,18,0,-1
4,7,1,10.515857458114624,8,9,0,-1
4,8,-1,-1.0,-1,-1,1,0
4,9,4,5.998413324356079,10,11,0,-1
4,10,-1,-1.0,-1,-1,1,0
4,11,4,6.238373279571533,12,17,0,-1
4,12,1,19.073211669921875,13,14,0,-1
4,13,-1,-1.0,-1,-1,1,1
4,14,1,19.207380294799805,15,16,0,-1
4,15,-1,-1.0,-1,-1,1,0
4,16,-1,-1.0,-1,-1,1,1
4,17,-1,-1.0,-1,-1,1,1
4,18,-1,-1.0,-1,-1,1,0
5,0,4,7.971440553665161,1,12,0,-1
5,1,4,5.942466974258423,2,3,0,-1
5,2,-1,-1.0,-1,-1,1,0
5,3,4,7.503820419311523,4,5,0,-1
5,4,-1,-1.0,-1,-1,1,1
5,5,3,29.053667068481445,6,11,0,-1
5,6,3,20.349990844726562,7,8,0,-1
5,7,-1,-1.0,-1,-1,1,0
5,8,0,31.924150466918945,9,10,0,-1
5,9,-1,-1.0,-1,-1,1,1
5,10,-1,-1.0,-1,-1,1,0
5,11,-1,-1.0,-1,-1,1,1
5,12,1,8.910961627960205,13,14,0,-1
5,13,-1,-1.0,-1,-1,1,1
5,14,-1,-1.0,-1,-1,1,0
6,0,2,4.350219964981079,1,6,0,-1
6,1,0,32.2089729309082,2,5,0,-1
6,2,0,31.476603507995605,3,4,0,-1
6,3,-1,-1.0,-1,-1,1,1
6,4,-1,-1.0,-1,-1,1,0
6,5,-1,-1.0,-1,-1,1,1
6,6,4,7.527386903762817,7,12,0,-1
6,7,2,10.130202293395996,8,9,0,-1
6,8,-1,-1.0,-1,-1,1,0
6,9,4,5.998413324356079,10,11,0,-1
6,10,-1,-1.0,-1,-1,1,0
6,11,-1,-1.0,-1,-1,1,1
6,12,-1,-1.0,-1,-1,1,0
7,0,4,7.873414754867554,1,16,0,-1
7,1,2,18.791671752929688,2,15,0,-1
7,2,4,5.942466974258423,3,4,0,-1
7,3,-1,-1.0,-1,-1,1,0
7,4,4,7.199639081954956,5,6,0,-1
7,5,-1,-1.0,-1,-1,1,1
7,6,4,7.2191362380981445,7,8,0,-1
7,7,-1,-1.0,-1,-1,1,0
7,8,0,33.50786590576172,9,14,0,-1
7,9,2,0.5,10,13,0,-1
7,10,1,0.5,11,12,0,-1
7,11,-1,-1.0,-1,-1,1,0
7,12,-1,-1.0,-1,-1,1,1
7,13,-1,-1.0,-1,-1,1,1
7,14,-1,-1.0,-1,-1,1,1
7,15,-1,-1.0,-1,-1,1,1
7,16,2,9.38000237941742,17,22,0,-1
7,17,4,8.103201866149902,18,21,0,-1
7,18,0,34.60293006896973,19,20,0,-1
7,19,-1,-1.0,-1,-1,1,0
7,20,-1,-1.0,-1,-1,1,1
7,21,-1,-1.0,-1,-1,1,1
7,22,-1,-1.0,-1,-1,1,0
8,0,2,4.5463786125183105,1,16,0,-1
8,1,4,7.335328102111816,2,3,0,-1
8,2,-1,-1.0,-1,-1,1,1
8,3,3,28.62690258026123,4,11,0,-1
8,4,4,7.353140115737915,5,6,0,-1
8,5,-1,-1.0,-1,-1,1,0
8,6,4,8.017012596130371,7,10,0,-1
8,7,1,0.5,8,9,0,-1
8,8,-1,-1.0,-1,-1,1,0
8,9,-1,-1.0,-1,-1,1,1
8,10,-1,-1.0,-1,-1,1,1
8,11,4,7.603240251541138,12,15,0,-1
8,12,4,7.4853675365448,13,14,0,-1
8,13,-1,-1.0,-1,-1,1,1
8,14,-1,-1.0,-1,-1,1,0
8,15,-1,-1.0,-1,-1,1,1
8,16,1,18.77809715270996,17,32,0,-1
8,17,2,18.535125732421875,18,29,0,-1
8,18,0,14.873266220092773,19,22,0,-1
8,19,4,7.313310623168945,20,21,0,-1
8,20,-1,-1.0,-1,-1,1,1
8,21,-1,-1.0,-1,-1,1,0
8,22,4,6.955321311950684,23,26,0,-1
8,23,1,8.235687017440796,24,25,0,-1
8,24,-1,-1.0,-1,-1,1,0
8,25,-1,-1.0,-1,-1,1,1
8,26,2,9.810467720031738,27,28,0,-1
8,27,-1,-1.0,-1,-1,1,1
8,28,-1,-1.0,-1,-1,1,0
8,29,4,7.37994384765625,30,31,0,-1
8,30,-1,-1.0,-1,-1,1,1
8,31,-1,-1.0,-1,-1,1,0
8,32,2,19.055004119873047,33,44,0,-1
8,33,1,19.433096885681152,34,41,0,-1
8,34,2,18.869635581970215,35,40,0,-1
8,35,0,12.264339923858643,36,39,0,-1
8,36,4,7.303086757659912,37,38,0,-1
8,37,-1,-1.0,-1,-1,1,1
8,38,-1,-1.0,-1,-1,1,0
8,39,-1,-1.0,-1,-1,1,1
8,40,-1,-1.0,-1,-1,1,1
8,41,4,7.1183061599731445,42,43,0,-1
8,42,-1,-1.0,-1,-1,1,1
8,43,-1,-1.0,-1,-1,1,0
8,44,0,11.630721092224121,45,48,0,-1
8,45,4,7.2109010219573975,46,47,0,-1
8,46,-1,-1.0,-1,-1,1,1
8,47,-1,-1.0,-1,-1,1,0
8,48,0,11.820971012115479,49,52,0,-1
8,49,4,7.24026894569397,50,51,0,-1
8,50,-1,-1.0,-1,-1,1,1
8,51,-1,-1.0,-1,-1,1,0
8,52,-1,-1.0,-1,-1,1,0
9,0,1,4.488639831542969,1,10,0,-1
9,1,0,32.85457801818848,2,9,0,-1
9,2,3,29.213808059692383,3,8,0,-1
9,3,2,0.7924812436103821,4,7,0,-1
9,4,0,32.52263641357422,5,6,0,-1
9,5,-1,-1.0,-1,-1,1,1
9,6,-1,-1.0,-1,-1,1,0
9,7,-1,-1.0,-1,-1,1,1
9,8,-1,-1.0,-1,-1,1,1
9,9,-1,-1.0,-1,-1,1,1
9,10,1,18.738548278808594,11,16,0,-1
9,11,4,7.630569934844971,12,15,0,-1
9,12,3,24.326420783996582,13,14,0,-1
9,13,-1,-1.0,-1,-1,1,1
9,14,-1,-1.0,-1,-1,1,0
9,15,-1,-1.0,-1,-1,1,0
9,16,1,19.069677352905273,17,22,0,-1
9,17,3,10.989498138427734,18,19,0,-1
9,18,-1,-1.0,-1,-1,1,0
9,19,4,7.451658487319946,20,21,0,-1
9,20,-1,-1.0,-1,-1,1,1
9,21,-1,-1.0,-1,-1,1,0
9,22,4,7.271636724472046,23,24,0,-1
9,23,-1,-1.0,-1,-1,1,1
9,24,-1,-1.0,-1,-1,1,0
10,0,1,9.21933913230896,1,10,0,-1
10,1,4,5.942466974258423,2,3,0,-1
10,2,-1,-1.0,-1,-1,1,0
10,3,4,7.705358028411865,4,5,0,-1
10,4,-1,-1.0,-1,-1,1,1
10,5,0,32.926870346069336,6,9,0,-1
10,6,4,8.27477216720581,7,8,0,-1
10,7,-1,-1.0,-1,-1,1,0
10,8,-1,-1.0,-1,-1,1,1
10,9,-1,-1.0,-1,-1,1,1
10,10,0,12.293169021606445,11,16,0,-1
10,11,4,7.474366188049316,12,15,0,-1
10,12,0,12.233717441558838,13,14,0,-1
10,13,-1,-1.0,-1,-1,1,1
10,14,-1,-1.0,-1,-1,1,0
10,15,-1,-1.0,-1,-1,1,0
10,16,4,7.482982397079468,17,20,0,-1
10,17,4,5.998413324356079,18,19,0,-1
10,18,-1,-1.0,-1,-1,1,0
10,19,-1,-1.0,-1,-1,1,1
10,20,-1,-1.0,-1,-1,1,0
11,0,2,5.284927845001221,1,14,0,-1
11,1,4,5.942466974258423,2,3,0,-1
11,2,-1,-1.0,-1,-1,1,0
11,3,1,0.7924812436103821,4,13,0,-1
11,4,2,0.5,5,12,0,-1
11,5,4,7.747802495956421,6,7,0,-1
11,6,-1,-1.0,-1,-1,1,1
11,7,0,32.397817611694336,8,11,0,-1
11,8,0,32.31833457946777,9,10,0,-1
11,9,-1,-1.0,-1,-1,1,1
11,10,-1,-1.0,-1,-1,1,0
11,11,-1,-1.0,-1,-1,1,1
11,12,-1,-1.0,-1,-1,1,1
11,13,-1,-1.0,-1,-1,1,1
11,14,4,7.31056809425354,15,26,0,-1
11,15,0,21.036914825439453,16,25,0,-1
11,16,2,19.21878433227539,17,24,0,-1
11,17,0,11.698451519012451,18,19,0,-1
11,18,-1,-1.0,-1,-1,1,0
11,19,3,12.949359893798828,20,21,0,-1
11,20,-1,-1.0,-1,-1,1,1
11,21,0,13.415334701538086,22,23,0,-1
11,22,-1,-1.0,-1,-1,1,0
11,23,-1,-1.0,-1,-1,1,1
11,24,-1,-1.0,-1,-1,1,1
11,25,-1,-1.0,-1,-1,1,0
11,26,3,19.42016315460205,27,28,0,-1
11,27,-1,-1.0,-1,-1,1,0
11,28,-1,-1.0,-1,-1,1,1
12,0,4,7.7984442710876465,1,10,0,-1
12,1,4,5.942466974258423,2,3,0,-1
12,2,-1,-1.0,-1,-1,1,0
12,3,0,30.10734748840332,4,5,0,-1
12,4,-1,-1.0,-1,-1,1,1
12,5,2,0.7924812436103821,6,9,0,-1
12,6,0,32.11228561401367,7,8,0,-1
12,7,-1,-1.0,-1,-1,1,0
12,8,-1,-1.0,-1,-1,1,1
12,9,-1,-1.0,-1,-1,1,0
12,10,2,10.359146356582642,11,12,0,-1
12,11,-1,-1.0,-1,-1,1,1
12,12,-1,-1.0,-1,-1,1,0
13,0,0,20.383461952209473,1,22,0,-1
13,1,3,12.301051616668701,2,5,0,-1
13,2,4,7.468962907791138,3,4,0,-1
13,3,-1,-1.0,-1,-1,1,1
13,4,-1,-1.0,-1,-1,1,0
13,5,2,15.751877307891846,6,17,0,-1
13,6,2,15.550528526306152,7,16,0,-1
13,7,1,16.287659645080566,8,11,0,-1
13,8,1,12.738429069519043,9,10,0,-1
13,9,-1,-1.0,-1,-1,1,1
13,10,-1,-1.0,-1,-1,1,0
13,11,3,15.457608699798584,12,13,0,-1
13,12,-1,-1.0,-1,-1,1,1
13,13,4,7.238120079040527,14,15,0,-1
13,14,-1,-1.0,-1,-1,1,1
13,15,-1,-1.0,-1,-1,1,0
13,16,-1,-1.0,-1,-1,1,0
13,17,1,17.65479850769043,18,21,0,-1
13,18,4,7.24026894569397,19,20,0,-1
13,19,-1,-1.0,-1,-1,1,1
13,20,-1,-1.0,-1,-1,1,0
13,21,-1,-1.0,-1,-1,1,1
13,22,4,5.942466974258423,23,26,0,-1
13,23,1,5.738879203796387,24,25,0,-1
13,24,-1,-1.0,-1,-1,1,0
13,25,-1,-1.0,-1,-1,1,1
13,26,4,7.204164981842041,27,36,0,-1
13,27,3,28.582340240478516,28,35,0,-1
13,28,4,7.144433259963989,29,34,0,-1
13,29,0,29.980039596557617,30,31,0,-1
13,30,-1,-1.0,-1,-1,1,1
13,31,1,0.7924812436103821,32,33,0,-1
13,32,-1,-1.0,-1,-1,1,1
13,33,-1,-1.0,-1,-1,1,0
13,34,-1,-1.0,-1,-1,1,0
13,35,-1,-1.0,-1,-1,1,1
13,36,-1,-1.0,-1,-1,1,1
14,0,4,7.730419874191284,1,12,0,-1
14,1,4,5.942466974258423,2,3,0,-1
14,2,-1,-1.0,-1,-1,1,0
14,3,3,14.783966064453125,4,5,0,-1
14,4,-1,-1.0,-1,-1,1,1
14,5,3,14.852197647094727,6,7,0,-1
14,6,-1,-1.0,-1,-1,1,0
14,7,4,7.507772922515869,8,9,0,-1
14,8,-1,-1.0,-1,-1,1,1
14,9,4,7.576162338256836,10,11,0,-1
14,10,-1,-1.0,-1,-1,1,0
14,11,-1,-1.0,-1,-1,1,1
14,12,0,25.49244499206543,13,14,0,-1
14,13,-1,-1.0,-1,-1,1,0
14,14,3,27.93656826019287,15,20,0,-1
14,15,0,31.61828899383545,16,17,0,-1
14,16,-1,-1.0,-1,-1,1,1
14,17,3,27.01592445373535,18,19,0,-1
14,18,-1,-1.0,-1,-1,1,1
14,19,-1,-1.0,-1,-1,1,0
14,20,-1,-1.0,-1,-1,1,1
15,0,4,7.844999074935913,1,14,0,-1
15,1,3,24.607864379882812,2,3,0,-1
15,2,-1,-1.0,-1,-1,1,1
15,3,4,5.942466974258423,4,5,0,-1
15,4,-1,-1.0,-1,-1,1,0
15,5,0,33.562068939208984,6,13,0,-1
15,6,2,0.7924812436103821,7,12,0,-1
15,7,4,7.137771368026733,8,9,0,-1
15,8,-1,-1.0,-1,-1,1,1
15,9,0,33.27773475646973,10,11,0,-1
15,10,-1,-1.0,-1,-1,1,1
15,11,-1,-1.0,-1,-1,1,0
15,12,-1,-1.0,-1,-1,1,1
15,13,-1,-1.0,-1,-1,1,1
15,14,0,20.992136001586914,15,16,0,-1
15,15,-1,-1.0,-1,-1,1,0
15,16,-1,-1.0,-1,-1,1,1
16,0,1,4.314678430557251,1,2,0,-1
16,1,-1,-1.0,-1,-1,1,1
16,2,4,7.569215774536133,3,14,0,-1
16,3,4,5.998413324356079,4,9,0,-1
16,4,2,6.029672145843506,5,6,0,-1
16,5,-1,-1.0,-1,-1,1,0
16,6,3,19.572669982910156,7,8,0,-1
16,7,-1,-1.0,-1,-1,1,0
16,8,-1,-1.0,-1,-1,1,1
16,9,3,11.80596399307251,10,11,0,-1
16,10,-1,-1.0,-1,-1,1,1
16,11,3,11.847524642944336,12,13,0,-1
16,12,-1,-1.0,-1,-1,1,0
16,13,-1,-1.0,-1,-1,1,1
16,14,0,25.397276878356934,15,16,0,-1
16,15,-1,-1.0,-1,-1,1,0
16,16,-1,-1.0,-1,-1,1,1
17,0,4,7.710605144500732,1,18,0,-1
17,1,4,5.942466974258423,2,5,0,-1
17,2,2,2.0849626064300537,3,4,0,-1
17,3,-1,-1.0,-1,-1,1,1
17,4,-1,-1.0,-1,-1,1,0
17,5,4,7.458289623260498,6,13,0,-1
17,6,1,19.173720359802246,7,8,0,-1
17,7,-1,-1.0,-1,-1,1,1
17,8,3,11.67054796218872,9,10,0,-1
17,9,-1,-1.0,-1,-1,1,1
17,10,2,19.206486701965332,11,12,0,-1
17,11,-1,-1.0,-1,-1,1,1
17,12,-1,-1.0,-1,-1,1,0
17,13,3,29.712806701660156,14,17,0,-1
17,14,0,32.164485931396484,15,16,0,-1
17,15,-1,-1.0,-1,-1,1,1
17,16,-1,-1.0,-1,-1,1,0
17,17,-1,-1.0,-1,-1,1,1
17,18,3,19.162381172180176,19,20,0,-1
17,19,-1,-1.0,-1,-1,1,0
17,20,3,27.543007850646973,21,24,0,-1
17,21,4,7.864531517028809,22,23,0,-1
17,22,-1,-1.0,-1,-1,1,0
17,23,-1,-1.0,-1,-1,1,1
17,24,-1,-1.0,-1,-1,1,1
18,0,4,7.926435470581055,1,16,0,-1
18,1,0,26.376123428344727,2,7,0,-1
18,2,0,11.339015007019043,3,6,0,-1
18,3,2,19.56392478942871,4,5,0,-1
18,4,-1,-1.0,-1,-1,1,0
18,5,-1,-1.0,-1,-1,1,1
18,6,-1,-1.0,-1,-1,1,1
18,7,4,5.942466974258423,8,9,0,-1
18,8,-1,-1.0,-1,-1,1,0
18,9,0,32.57198715209961,10,11,0,-1
18,10,-1,-1.0,-1,-1,1,1
18,11,3,28.98204231262207,12,15,0,-1
18,12,0,33.09280014038086,13,14,0,-1
18,13,-1,-1.0,-1,-1,1,0
18,14,-1,-1.0,-1,-1,1,1
18,15,-1,-1.0,-1,-1,1,1
18,16,2,10.104507684707642,17,18,0,-1
18,17,-1,-1.0,-1,-1,1,1
18,18,-1,-1.0,-1,-1,1,0
19,0,4,7.95078706741333,1,16,0,-1
19,1,3,24.746685028076172,2,5,0,-1
19,2,4,5.9540088176727295,3,4,0,-1
19,3,-1,-1.0,-1,-1,1,0
19,4,-1,-1.0,-1,-1,1,1
19,5,0,27.72883701324463,6,7,0,-1
19,6,-1,-1.0,-1,-1,1,0
19,7,3,28.411312103271484,8,15,0,-1
19,8,0,32.13433647155762,9,10,0,-1
19,9,-1,-1.0,-1,-1,1,1
19,10,4,7.251353740692139,11,14,0,-1
19,11,3,27.217480659484863,12,13,0,-1
19,12,-1,-1.0,-1,-1,1,1
19,13,-1,-1.0,-1,-1,1,0
19,14,-1,-1.0,-1,-1,1,1
19,15,-1,-1.0,-1,-1,1,1
19,16,1,9.6960768699646,17,22,0,-1
19,17,1,3.0849624276161194,18,19,0,-1
19,18,-1,-1.0,-1,-1,1,1
19,19,4,8.41007661819458,20,21,0,-1
19,20,-1,-1.0,-1,-1,1,0
19,21,-1,-1.0,-1,-1,1,1
19,22,-1,-1.0,-1,-1,1,0
20,0,4,7.94175124168396,1,28,0,-1
20,1,2,15.328497409820557,2,19,0,-1
20,2,1,4.1676952838897705,3,14,0,-1
20,3,2,1.292481243610382,4,11,0,-1
20,4,1,1.0,5,10,0,-1
20,5,4,7.761413335800171,6,7,0,-1
20,6,-1,-1.0,-1,-1,1,1
20,7,0,35.47762489318848,8,9,0,-1
20,8,-1,-1.0,-1,-1,1,0
20,9,-1,-1.0,-1,-1,1,1
20,10,-1,-1.0,-1,-1,1,1
20,11,3,26.63372802734375,12,13,0,-1
20,12,-1,-1.0,-1,-1,1,1
20,13,-1,-1.0,-1,-1,1,0
20,14,3,24.141979217529297,15,18,0,-1
20,15,4,6.584571123123169,16,17,0,-1
20,16,-1,-1.0,-1,-1,1,0
20,17,-1,-1.0,-1,-1,1,1
20,18,-1,-1.0,-1,-1,1,0
20,19,1,18.79175090789795,20,21,0,-1
20,20,-1,-1.0,-1,-1,1,1
20,21,0,12.800505638122559,22,27,0,-1
20,22,1,19.38801860809326,23,26,0,-1
20,23,4,7.218616008758545,24,25,0,-1
20,24,-1,-1.0,-1,-1,1,1
20,25,-1,-1.0,-1,-1,1,0
20,26,-1,-1.0,-1,-1,1,1
20,27,-1,-1.0,-1,-1,1,0
20,28,0,25.599342346191406,29,30,0,-1
20,29,-1,-1.0,-1,-1,1,0
20,30,-1,-1.0,-1,-1,1,1
21,0,4,7.709617853164673,1,10,0,-1
21,1,4,5.942466974258423,2,3,0,-1
21,2,-1,-1.0,-1,-1,1,0
21,3,3,27.600316047668457,4,5,0,-1
21,4,-1,-1.0,-1,-1,1,1
21,5,0,33.53493690490723,6,9,0,-1
21,6,4,7.264013290405273,7,8,0,-1
21,7,-1,-1.0,-1,-1,1,1
21,8,-1,-1.0,-1,-1,1,0
21,9,-1,-1.0,-1,-1,1,1
21,10,3,19.39247226715088,11,12,0,-1
21,11,-1,-1.0,-1,-1,1,0
21,12,4,7.856048583984375,13,14,0,-1
21,13,-1,-1.0,-1,-1,1,0
21,14,4,7.962545394897461,15,18,0,-1
21,15,2,0.7924812436103821,16,17,0,-1
21,16,-1,-1.0,-1,-1,1,1
21,17,-1,-1.0,-1,-1,1,0
21,18,-1,-1.0,-1,-1,1,1
22,0,1,5.239890098571777,1,10,0,-1
22,1,4,7.361937046051025,2,3,0,-1
22,2,-1,-1.0,-1,-1,1,1
22,3,4,7.370680809020996,4,5,0,-1
22,4,-1,-1.0,-1,-1,1,0
22,5,0,32.84602355957031,6,9,0,-1
22,6,0,32.450439453125,7,8,0,-1
22,7,-1,-1.0,-1,-1,1,1
22,8,-1,-1.0,-1,-1,1,0
22,9,-1,-1.0,-1,-1,1,1
22,10,1,18.812231063842773,11,18,0,-1
22,11,4,7.271636724472046,12,17,0,-1
22,12,1,5.6961586475372314,13,14,0,-1
22,13,-1,-1.0,-1,-1,1,0
22,14,4,5.998413324356079,15,16,0,-1
22,15,-1,-1.0,-1,-1,1,0
22,16,-1,-1.0,-1,-1,1,1
22,17,-1,-1.0,-1,-1,1,0
22,18,4,7.22624945640564,19,24,0,-1
22,19,3,12.122342586517334,20,21,0,-1
22,20,-1,-1.0,-1,-1,1,1
22,21,3,12.340706825256348,22,23,0,-1
22,22,-1,-1.0,-1,-1,1,0
22,23,-1,-1.0,-1,-1,1,1
22,24,-1,-1.0,-1,-1,1,0
23,0,2,4.5736024379730225,1,10,0,-1
23,1,0,33.74517631530762,2,9,0,-1
23,2,3,27.237611770629883,3,4,0,-1
23,3,-1,-1.0,-1,-1,1,1
23,4,3,27.715267181396484,5,6,0,-1
23,5,-1,-1.0,-1,-1,1,0
23,6,0,33.52067947387695,7,8,0,-1
23,7,-1,-1.0,-1,-1,1,1
23,8,-1,-1.0,-1,-1,1,0
23,9,-1,-1.0,-1,-1,1,1
23,10,0,12.278441429138184,11,16,0,-1
23,11,4,7.218616008758545,12,15,0,-1
23,12,4,5.998413324356079,13,14,0,-1
23,13,-1,-1.0,-1,-1,1,0
23,14,-1,-1.0,-1,-1,1,1
23,15,-1,-1.0,-1,-1,1,0
23,16,0,14.619840145111084,17,22,0,-1
23,17,4,7.313310623168945,18,21,0,-1
23,18,4,5.998413324356079,19,20,0,-1
23,19,-1,-1.0,-1,-1,1,0
23,20,-1,-1.0,-1,-1,1,1
23,21,-1,-1.0,-1,-1,1,0
23,22,0,16.038845539093018,23,28,0,-1
23,23,2,15.498802661895752,24,25,0,-1
23,24,-1,-1.0,-1,-1,1,0
23,25,4,7.313310623168945,26,27,0,-1
23,26,-1,-1.0,-1,-1,1,1
23,27,-1,-1.0,-1,-1,1,0
23,28,4,5.9540088176727295,29,30,0,-1
23,29,-1,-1.0,-1,-1,1,0
23,30,-1,-1.0,-1,-1,1,1
24,0,4,7.982982397079468,1,12,0,-1
24,1,3,25.09451389312744,2,3,0,-1
24,2,-1,-1.0,-1,-1,1,1
24,3,4,5.942466974258423,4,5,0,-1
24,4,-1,-1.0,-1,-1,1,0
24,5,3,27.972201347351074,6,11,0,-1
24,6,0,31.92426872253418,7,8,0,-1
24,7,-1,-1.0,-1,-1,1,1
24,8,3,27.20513343811035,9,10,0,-1
24,9,-1,-1.0,-1,-1,1,1
24,10,-1,-1.0,-1,-1,1,0
24,11,-1,-1.0,-1,-1,1,1
24,12,3,18.955506801605225,13,14,0,-1
24,13,-1,-1.0,-1,-1,1,0
24,14,-1,-1.0,-1,-1,1,1
25,0,4,7.959711074829102,1,20,0,-1
25,1,0,15.430607795715332,2,7,0,-1
25,2,3,12.15721845626831,3,4,0,-1
25,3,-1,-1.0,-1,-1,1,1
25,4,3,12.196160793304443,5,6,0,-1
25,5,-1,-1.0,-1,-1,1,0
25,6,-1,-1.0,-1,-1,1,1
25,7,1,3.584962487220764,8,15,0,-1
25,8,4,7.194681406021118,9,10,0,-1
25,9,-1,-1.0,-1,-1,1,1
25,10,3,29.48156452178955,11,14,0,-1
25,11,3,26.243927001953125,12,13,0,-1
25,12,-1,-1.0,-1,-1,1,1
25,13,-1,-1.0,-1,-1,1,0
25,14,-1,-1.0,-1,-1,1,1
25,15,3,20.531551361083984,16,19,0,-1
25,16,0,15.854342460632324,17,18,0,-1
25,17,-1,-1.0,-1,-1,1,0
25,18,-1,-1.0,-1,-1,1,1
25,19,-1,-1.0,-1,-1,1,0
25,20,2,9.89585280418396,21,28,0,-1
25,21,0,32.908836364746094,22,27,0,-1
25,22,2,0.7924812436103821,23,26,0,-1
25,23,0,32.40342903137207,24,25,0,-1
25,24,-1,-1.0,-1,-1,1,1
25,25,-1,-1.0,-1,-1,1,0
25,26,-1,-1.0,-1,-1,1,1
25,27,-1,-1.0,-1,-1,1,1
25,28,-1,-1.0,-1,-1,1,0
26,0,4,7.985839128494263,1,20,0,-1
26,1,2,18.713905334472656,2,19,0,-1
26,2,1,19.07663059234619,3,14,0,-1
26,3,3,25.00850009918213,4,5,0,-1
26,4,-1,-1.0,-1,-1,1,1
26,5,4,5.942466974258423,6,7,0,-1
26,6,-1,-1.0,-1,-1,1,0
26,7,1,0.5,8,13,0,-1
26,8,0,34.072593688964844,9,12,0,-1
26,9,0,33.566545486450195,10,11,0,-1
26,10,-1,-1.0,-1,-1,1,1
26,11,-1,-1.0,-1,-1,1,0
26,12,-1,-1.0,-1,-1,1,1
26,13,-1,-1.0,-1,-1,1,1
26,14,1,19.15428924560547,15,16,0,-1
26,15,-1,-1.0,-1,-1,1,0
26,16,4,6.070095539093018,17,18,0,-1
26,17,-1,-1.0,-1,-1,1,0
26,18,-1,-1.0,-1,-1,1,1
26,19,-1,-1.0,-1,-1,1,1
26,20,3,19.30094861984253,21,22,0,-1
26,21,-1,-1.0,-1,-1,1,0
26,22,-1,-1.0,-1,-1,1,1
27,0,1,3.453445315361023,1,2,0,-1
27,1,-1,-1.0,-1,-1,1,1
27,2,1,18.66964817047119,3,14,0,-1
27,3,4,7.613544702529907,4,11,0,-1
27,4,3,24.20376205444336,5,10,0,-1
27,5,3,14.848723411560059,6,7,0,-1
27,6,-1,-1.0,-1,-1,1,1
27,7,4,6.247802734375,8,9,0,-1
27,8,-1,-1.0,-1,-1,1,0
27,9,-1,-1.0,-1,-1,1,1
27,10,-1,-1.0,-1,-1,1,0
27,11,3,19.29608964920044,12,13,0,-1
27,12,-1,-1.0,-1,-1,1,0
27,13,-1,-1.0,-1,-1,1,1
27,14,3,11.485577583312988,15,18,0,-1
27,15,4,7.271636724472046,16,17,0,-1
27,16,-1,-1.0,-1,-1,1,1
27,17,-1,-1.0,-1,-1,1,0
27,18,2,19.162858963012695,19,26,0,-1
27,19,2,19.152956008911133,20,25,0,-1
27,20,4,7.521983623504639,21,24,0,-1
27,21,4,5.998413324356079,22,23,0,-1
27,22,-1,-1.0,-1,-1,1,0
27,23,-1,-1.0,-1,-1,1,1
27,24,-1,-1.0,-1,-1,1,0
27,25,-1,-1.0,-1,-1,1,1
27,26,4,7.521983623504639,27,28,0,-1
27,27,-1,-1.0,-1,-1,1,1
27,28,-1,-1.0,-1,-1,1,0
28,0,4,7.962661266326904,1,10,0,-1
28,1,4,5.942466974258423,2,3,0,-1
28,2,-1,-1.0,-1,-1,1,0
28,3,1,0.5,4,9,0,-1
28,4,3,27.785459518432617,5,8,0,-1
28,5,0,34.73731803894043,6,7,0,-1
28,6,-1,-1.0,-1,-1,1,0
28,7,-1,-1.0,-1,-1,1,1
28,8,-1,-1.0,-1,-1,1,1
28,9,-1,-1.0,-1,-1,1,1
28,10,2,9.930397987365723,11,12,0,-1
28,11,-1,-1.0,-1,-1,1,1
28,12,-1,-1.0,-1,-1,1,0
29,0,1,13.210593700408936,1,12,0,-1
29,1,2,4.501407623291016,2,9,0,-1
29,2,3,28.302329063415527,3,8,0,-1
29,3,3,27.945216178894043,4,5,0,-1
29,4,-1,-1.0,-1,-1,1,1
29,5,4,7.143134593963623,6,7,0,-1
29,6,-1,-1.0,-1,-1,1,1
29,7,-1,-1.0,-1,-1,1,0
29,8,-1,-1.0,-1,-1,1,1
29,9,3,24.153478622436523,10,11,0,-1
29,10,-1,-1.0,-1,-1,1,1
29,11,-1,-1.0,-1,-1,1,0
29,12,1,18.719558715820312,13,18,0,-1
29,13,4,7.091507434844971,14,17,0,-1
29,14,4,5.998413324356079,15,16,0,-1
29,15,-1,-1.0,-1,-1,1,0
29,16,-1,-1.0,-1,-1,1,1
29,17,-1,-1.0,-1,-1,1,0
29,18,1,19.392908096313477,19,22,0,-1
29,19,4,7.521983623504639,20,21,0,-1
29,20,-1,-1.0,-1,-1,1,1
29,21,-1,-1.0,-1,-1,1,0
29,22,1,20.331435203552246,23,38,0,-1
29,23,0,12.09126615524292,24,37,0,-1
29,24,1,20.038661003112793,25,32,0,-1
29,25,2,19.2596435546875,26,29,0,-1
29,26,3,11.695010662078857,27,28,0,-1
29,27,-1,-1.0,-1,-1,1,0
29,28,-1,-1.0,-1,-1,1,0
29,29,4,7.3196702003479,30,31,0,-1
29,30,-1,-1.0,-1,-1,1,1
29,31,-1,-1.0,-1,-1,1,0
29,32,2,19.695849418640137,33,36,0,-1
29,33,2,19.559459686279297,34,35,0,-1
29,34,-1,-1.0,-1,-1,1,0
29,35,-1,-1.0,-1,-1,1,1
29,36,-1,-1.0,-1,-1,1,0
29,37,-1,-1.0,-1,-1,1,1
29,38,1,20.44149684906006,39,40,0,-1
29,39,-1,-1.0,-1,-1,1,1
29,40,4,7.263921737670898,41,42,0,-1
29,41,-1,-1.0,-1,-1,1,1
29,42,-1,-1.0,-1,-1,1,0
30,0,1,5.104726791381836,1,8,0,-1
30,1,3,28.22556781768799,2,7,0,-1
30,2,1,0.5,3,6,0,-1
30,3,4,7.137771368026733,4,5,0,-1
30,4,-1,-1.0,-1,-1,1,1
30,5,-1,-1.0,-1,-1,1,0
30,6,-1,-1.0,-1,-1,1,1
30,7,-1,-1.0,-1,-1,1,1
30,8,2,18.68835735321045,9,26,0,-1
30,9,0,14.945559024810791,10,15,0,-1
30,10,4,7.24026894569397,11,14,0,-1
30,11,4,5.998413324356079,12,13,0,-1
30,12,-1,-1.0,-1,-1,1,0
30,13,-1,-1.0,-1,-1,1,1
30,14,-1,-1.0,-1,-1,1,0
30,15,2,4.838859796524048,16,17,0,-1
30,16,-1,-1.0,-1,-1,1,1
30,17,2,15.652116775512695,18,25,0,-1
30,18,4,7.482982397079468,19,22,0,-1
30,19,4,5.998413324356079,20,21,0,-1
30,20,-1,-1.0,-1,-1,1,0
30,21,-1,-1.0,-1,-1,1,1
30,22,1,9.726122617721558,23,24,0,-1
30,23,-1,-1.0,-1,-1,1,1
30,24,-1,-1.0,-1,-1,1,0
30,25,-1,-1.0,-1,-1,1,0
30,26,0,11.43460988998413,27,40,0,-1
30,27,1,18.79429340362549,28,31,0,-1
30,28,4,7.37994384765625,29,30,0,-1
30,29,-1,-1.0,-1,-1,1,1
30,30,-1,-1.0,-1,-1,1,0
30,31,0,11.045049667358398,32,35,0,-1
30,32,4,7.190500974655151,33,34,0,-1
30,33,-1,-1.0,-1,-1,1,1
30,34,-1,-1.0,-1,-1,1,0
30,35,1,19.81836223602295,36,37,0,-1
30,36,-1,-1.0,-1,-1,1,1
30,37,4,7.224058151245117,38,39,0,-1
30,38,-1,-1.0,-1,-1,1,1
30,39,-1,-1.0,-1,-1,1,0
30,40,1,18.19518756866455,41,58,0,-1
30,41,3,11.57056713104248,42,51,0,-1
30,42,1,18.055577278137207,43,44,0,-1
30,43,-1,-1.0,-1,-1,1,1
30,44,3,11.568429946899414,45,48,0,-1
30,45,4,7.231251001358032,46,47,0,-1
30,46,-1,-1.0,-1,-1,1,1
30,47,-1,-1.0,-1,-1,1,0
30,48,4,7.087462663650513,49,50,0,-1
30,49,-1,-1.0,-1,-1,1,1
30,50,-1,-1.0,-1,-1,1,0
30,51,1,17.13833522796631,52,53,0,-1
30,52,-1,-1.0,-1,-1,1,1
30,53,2,18.908690452575684,54,57,0,-1
30,54,3,11.999116897583008,55,56,0,-1
30,55,-1,-1.0,-1,-1,1,1
30,56,-1,-1.0,-1,-1,1,0
30,57,-1,-1.0,-1,-1,1,0
30,58,1,19.409058570861816,59,62,0,-1
30,59,4,7.468962907791138,60,61,0,-1
30,60,-1,-1.0,-1,-1,1,1
30,61,-1,-1.0,-1,-1,1,0
30,62,4,7.207474708557129,63,64,0,-1
30,63,-1,-1.0,-1,-1,1,1
30,64,-1,-1.0,-1,-1,1,0
31,0,1,12.913679599761963,1,12,0,-1
31,1,1,4.350219964981079,2,7,0,-1
31,2,3,28.170458793640137,3,6,0,-1
31,3,3,28.078813552856445,4,5,0,-1
31,4,-1,-1.0,-1,-1,1,1
31,5,-1,-1.0,-1,-1,1,0
31,6,-1,-1.0,-1,-1,1,1
31,7,1,5.408491849899292,8,11,0,-1
31,8,0,26.253600120544434,9,10,0,-1
31,9,-1,-1.0,-1,-1,1,1
31,10,-1,-1.0,-1,-1,1,0
31,11,-1,-1.0,-1,-1,1,1
31,12,2,18.771456718444824,13,28,0,-1
31,13,0,14.88877534866333,14,25,0,-1
31,14,3,12.364922046661377,15,24,0,-1
31,15,0,12.14527702331543,16,19,0,-1
31,16,4,7.158140659332275,17,18,0,-1
31,17,-1,-1.0,-1,-1,1,1
31,18,-1,-1.0,-1,-1,1,0
31,19,1,18.406331062316895,20,21,0,-1
31,20,-1,-1.0,-1,-1,1,0
31,21,2,18.718515396118164,22,23,0,-1
31,22,-1,-1.0,-1,-1,1,1
31,23,-1,-1.0,-1,-1,1,0
31,24,-1,-1.0,-1,-1,1,1
31,25,4,7.337592601776123,26,27,0,-1
31,26,-1,-1.0,-1,-1,1,1
31,27,-1,-1.0,-1,-1,1,0
31,28,2,19.444340705871582,29,40,0,-1
31,29,1,18.77912139892578,30,33,0,-1
31,30,4,7.26520299911499,31,32,0,-1
31,31,-1,-1.0,-1,-1,1,1
31,32,-1,-1.0,-1,-1,1,0
31,33,3,12.036001205444336,34,37,0,-1
31,34,4,7.337592601776123,35,36,0,-1
31,35,-1,-1.0,-1,-1,1,1
31,36,-1,-1.0,-1,-1,1,0
31,37,0,12.099483966827393,38,39,0,-1
31,38,-1,-1.0,-1,-1,1,1
31,39,-1,-1.0,-1,-1,1,0
31,40,2,19.631738662719727,41,48,0,-1
31,41,1,18.38320827484131,42,45,0,-1
31,42,4,7.26520299911499,43,44,0,-1
31,43,-1,-1.0,-1,-1,1,1
31,44,-1,-1.0,-1,-1,1,0
31,45,4,7.286823511123657,46,47,0,-1
31,46,-1,-1.0,-1,-1,1,1
31,47,-1,-1.0,-1,-1,1,0
31,48,1,18.069140434265137,49,50,0,-1
31,49,-1,-1.0,-1,-1,1,1
31,50,4,7.271636724472046,51,52,0,-1
31,51,-1,-1.0,-1,-1,1,1
31,52,-1,-1.0,-1,-1,1,0
32,0,4,7.8120551109313965,1,12,0,-1
32,1,4,5.942466974258423,2,3,0,-1
32,2,-1,-1.0,-1,-1,1,0
32,3,2,0.5,4,11,0,-1
32,4,0,34.38117599487305,5,10,0,-1
32,5,3,29.288397789001465,6,9,0,-1
32,6,3,28.623887062072754,7,8,0,-1
32,7,-1,-1.0,-1,-1,1,1
32,8,-1,-1.0,-1,-1,1,0
32,9,-1,-1.0,-1,-1,1,1
32,10,-1,-1.0,-1,-1,1,1
32,11,-1,-1.0,-1,-1,1,1
32,12,1,9.212968587875366,13,14,0,-1
32,13,-1,-1.0,-1,-1,1,1
32,14,-1,-1.0,-1,-1,1,0
33,0,2,4.607159614562988,1,12,0,-1
33,1,3,28.32347869873047,2,11,0,-1
33,2,0,32.68837547302246,3,8,0,-1
33,3,4,6.1988372802734375,4,7,0,-1
33,4,4,6.086057424545288,5,6,0,-1
33,5,-1,-1.0,-1,-1,1,1
33,6,-1,-1.0,-1,-1,1,0
33,7,-1,-1.0,-1,-1,1,1
33,8,0,35.50308609008789,9,10,0,-1
33,9,-1,-1.0,-1,-1,1,0
33,10,-1,-1.0,-1,-1,1,1
33,11,-1,-1.0,-1,-1,1,1
33,12,4,7.429961681365967,13,20,0,-1
33,13,2,9.22619915008545,14,15,0,-1
33,14,-1,-1.0,-1,-1,1,0
33,15,4,5.998413324356079,16,19,0,-1
33,16,2,17.44548511505127,17,18,0,-1
33,17,-1,-1.0,-1,-1,1,0
33,18,-1,-1.0,-1,-1,1,1
33,19,-1,-1.0,-1,-1,1,1
33,20,4,8.494486331939697,21,22,0,-1
33,21,-1,-1.0,-1,-1,1,0
33,22,-1,-1.0,-1,-1,1,1
34,0,4,7.985839128494263,1,22,0,-1
34,1,0,26.3134183883667,2,11,0,-1
34,2,2,19.261280059814453,3,10,0,-1
34,3,3,11.689115047454834,4,5,0,-1
34,4,-1,-1.0,-1,-1,1,0
34,5,1,19.512775421142578,6,7,0,-1
34,6,-1,-1.0,-1,-1,1,1
34,7,2,18.57968521118164,8,9,0,-1
34,8,-1,-1.0,-1,-1,1,0
34,9,-1,-1.0,-1,-1,1,1
34,10,-1,-1.0,-1,-1,1,1
34,11,2,4.5516438484191895,12,21,0,-1
34,12,4,7.491764068603516,13,14,0,-1
34,13,-1,-1.0,-1,-1,1,1
34,14,4,7.523476839065552,15,16,0,-1
34,15,-1,-1.0,-1,-1,1,0
34,16,3,30.71920680999756,17,20,0,-1
34,17,0,35.48222351074219,18,19,0,-1
34,18,-1,-1.0,-1,-1,1,1
34,19,-1,-1.0,-1,-1,1,0
34,20,-1,-1.0,-1,-1,1,1
34,21,-1,-1.0,-1,-1,1,0
34,22,3,19.23031759262085,23,24,0,-1
34,23,-1,-1.0,-1,-1,1,0
34,24,-1,-1.0,-1,-1,1,1
35,0,4,7.985839128494263,1,20,0,-1
35,1,0,15.152221202850342,2,7,0,-1
35,2,1,19.859088897705078,3,4,0,-1
35,3,-1,-1.0,-1,-1,1,1
35,4,4,5.998413324356079,5,6,0,-1
35,5,-1,-1.0,-1,-1,1,0
35,6,-1,-1.0,-1,-1,1,1
35,7,4,5.942466974258423,8,9,0,-1
35,8,-1,-1.0,-1,-1,1,0
35,9,4,7.285372495651245,10,11,0,-1
35,10,-1,-1.0,-1,-1,1,1
35,11,4,7.379059553146362,12,15,0,-1
35,12,2,1.4036774635314941,13,14,0,-1
35,13,-1,-1.0,-1,-1,1,0
35,14,-1,-1.0,-1,-1,1,1
35,15,0,35.08232307434082,16,19,0,-1
35,16,3,26.394862174987793,17,18,0,-1
35,17,-1,-1.0,-1,-1,1,1
35,18,-1,-1.0,-1,-1,1,0
35,19,-1,-1.0,-1,-1,1,1
35,20,3,19.568498611450195,21,22,0,-1
35,21,-1,-1.0,-1,-1,1,0
35,22,0,26.81836986541748,23,24,0,-1
35,23,-1,-1.0,-1,-1,1,0
35,24,-1,-1.0,-1,-1,1,1
36,0,3,18.84926700592041,1,42,0,-1
36,1,1,18.822787284851074,2,37,0,-1
36,2,0,12.131422996520996,3,22,0,-1
36,3,0,11.093387603759766,4,7,0,-1
36,4,4,7.248426675796509,5,6,0,-1
36,5,-1,-1.0,-1,-1,1,1
36,6,-1,-1.0,-1,-1,1,0
36,7,1,17.372098922729492,8,13,0,-1
36,8,0,11.683652877807617,9,10,0,-1
36,9,-1,-1.0,-1,-1,1,1
36,10,1,16.47673749923706,11,12,0,-1
36,11,-1,-1.0,-1,-1,1,0
36,12,-1,-1.0,-1,-1,1,1
36,13,2,18.843268394470215,14,17,0,-1
36,14,3,12.080148220062256,15,16,0,-1
36,15,-1,-1.0,-1,-1,1,1
36,16,-1,-1.0,-1,-1,1,0
36,17,1,18.600950241088867,18,21,0,-1
36,18,1,17.616055488586426,19,20,0,-1
36,19,-1,-1.0,-1,-1,1,1
36,20,-1,-1.0,-1,-1,1,0
36,21,-1,-1.0,-1,-1,1,1
36,22,2,15.906330108642578,23,28,0,-1
36,23,4,7.155306339263916,24,27,0,-1
36,24,1,16.653550148010254,25,26,0,-1
36,25,-1,-1.0,-1,-1,1,1
36,26,-1,-1.0,-1,-1,1,0
36,27,-1,-1.0,-1,-1,1,0
36,28,0,13.466336250305176,29,32,0,-1
36,29,4,7.289657831192017,30,31,0,-1
36,30,-1,-1.0,-1,-1,1,1
36,31,-1,-1.0,-1,-1,1,0
36,32,0,14.876293659210205,33,34,0,-1
36,33,-1,-1.0,-1,-1,1,1
36,34,4,7.2233476638793945,35,36,0,-1
36,35,-1,-1.0,-1,-1,1,1
36,36,-1,-1.0,-1,-1,1,0
36,37,4,7.474366188049316,38,41,0,-1
36,38,3,12.23222827911377,39,40,0,-1
36,39,-1,-1.0,-1,-1,1,1
36,40,-1,-1.0,-1,-1,1,0
36,41,-1,-1.0,-1,-1,1,0
36,42,2,4.72766375541687,43,52,0,-1
36,43,3,28.55228042602539,44,51,0,-1
36,44,0,32.68980598449707,45,46,0,-1
36,45,-1,-1.0,-1,-1,1,1
36,46,3,27.988591194152832,47,48,0,-1
36,47,-1,-1.0,-1,-1,1,1
36,48,0,35.41658020019531,49,50,0,-1
36,49,-1,-1.0,-1,-1,1,0
36,50,-1,-1.0,-1,-1,1,1
36,51,-1,-1.0,-1,-1,1,1
36,52,4,7.4351582527160645,53,54,0,-1
36,53,-1,-1.0,-1,-1,1,0
36,54,-1,-1.0,-1,-1,1,1
37,0,4,7.9685258865356445,1,16,0,-1
37,1,4,5.942466974258423,2,5,0,-1
37,2,2,12.247597694396973,3,4,0,-1
37,3,-1,-1.0,-1,-1,1,0
37,4,-1,-1.0,-1,-1,1,1
37,5,3,27.5606689453125,6,7,0,-1
37,6,-1,-1.0,-1,-1,1,1
37,7,4,7.2045629024505615,8,9,0,-1
37,8,-1,-1.0,-1,-1,1,1
37,9,0,34.38192939758301,10,15,0,-1
37,10,3,28.38009262084961,11,12,0,-1
37,11,-1,-1.0,-1,-1,1,0
37,12,3,28.719468116760254,13,14,0,-1
37,13,-1,-1.0,-1,-1,1,1
37,14,-1,-1.0,-1,-1,1,0
37,15,-1,-1.0,-1,-1,1,1
37,16,3,19.562198162078857,17,18,0,-1
37,17,-1,-1.0,-1,-1,1,0
37,18,-1,-1.0,-1,-1,1,1
38,0,4,7.959711074829102,1,16,0,-1
38,1,2,15.611176490783691,2,15,0,-1
38,2,4,5.942466974258423,3,4,0,-1
38,3,-1,-1.0,-1,-1,1,0
38,4,4,7.434242486953735,5,12,0,-1
38,5,3,28.813807487487793,6,11,0,-1
38,6,1,0.5,7,10,0,-1
38,7,3,28.617931365966797,8,9,0,-1
38,8,-1,-1.0,-1,-1,1,1
38,9,-1,-1.0,-1,-1,1,0
38,10,-1,-1.0,-1,-1,1,1
38,11,-1,-1.0,-1,-1,1,1
38,12,3,28.680662155151367,13,14,0,-1
38,13,-1,-1.0,-1,-1,1,0
38,14,-1,-1.0,-1,-1,1,1
38,15,-1,-1.0,-1,-1,1,1
38,16,1,9.685994863510132,17,18,0,-1
38,17,-1,-1.0,-1,-1,1,1
38,18,-1,-1.0,-1,-1,1,0
39,0,4,7.985839128494263,1,14,0,-1
39,1,3,25.000402450561523,2,7,0,-1
39,2,2,18.79386043548584,3,6,0,-1
39,3,0,12.134218215942383,4,5,0,-1
39,4,-1,-1.0,-1,-1,1,0
39,5,-1,-1.0,-1,-1,1,1
39,6,-1,-1.0,-1,-1,1,1
39,7,2,3.196158707141876,8,13,0,-1
39,8,0,33.47373962402344,9,12,0,-1
39,9,0,33.099605560302734,10,11,0,-1
39,10,-1,-1.0,-1,-1,1,1
39,11,-1,-1.0,-1,-1,1,0
39,12,-1,-1.0,-1,-1,1,1
39,13,-1,-1.0,-1,-1,1,0
39,14,3,19.203547477722168,15,16,0,-1
39,15,-1,-1.0,-1,-1,1,0
39,16,4,8.53827714920044,17,22,0,-1
39,17,1,1.160964012145996,18,21,0,-1
39,18,0,33.22077178955078,19,20,0,-1
39,19,-1,-1.0,-1,-1,1,0
39,20,-1,-1.0,-1,-1,1,1
39,21,-1,-1.0,-1,-1,1,1
39,22,-1,-1.0,-1,-1,1,1
40,0,4,7.95078706741333,1,8,0,-1
40,1,4,5.942466974258423,2,3,0,-1
40,2,-1,-1.0,-1,-1,1,0
40,3,1,19.20165252685547,4,5,0,-1
40,4,-1,-1.0,-1,-1,1,1
40,5,4,7.218616008758545,6,7,0,-1
40,6,-1,-1.0,-1,-1,1,1
40,7,-1,-1.0,-1,-1,1,0
40,8,0,21.2041654586792,9,10,0,-1
40,9,-1,-1.0,-1,-1,1,0
40,10,-1,-1.0,-1,-1,1,1
41,0,4,7.965599536895752,1,16,0,-1
41,1,3,15.314188957214355,2,5,0,-1
41,2,4,5.998413324356079,3,4,0,-1
41,3,-1,-1.0,-1,-1,1,0
41,4,-1,-1.0,-1,-1,1,1
41,5,4,5.942466974258423,6,7,0,-1
41,6,-1,-1.0,-1,-1,1,0
41,7,0,15.701588153839111,8,9,0,-1
41,8,-1,-1.0,-1,-1,1,0
41,9,1,0.5,10,15,0,-1
41,10,4,7.330805540084839,11,12,0,-1
41,11,-1,-1.0,-1,-1,1,1
41,12,3,28.85867691040039,13,14,0,-1
41,13,-1,-1.0,-1,-1,1,0
41,14,-1,-1.0,-1,-1,1,1
41,15,-1,-1.0,-1,-1,1,1
41,16,1,9.13312578201294,17,22,0,-1
41,17,3,29.425272941589355,18,21,0,-1
41,18,3,28.591702461242676,19,20,0,-1
41,19,-1,-1.0,-1,-1,1,1
41,20,-1,-1.0,-1,-1,1,0
41,21,-1,-1.0,-1,-1,1,1
41,22,-1,-1.0,-1,-1,1,0
42,0,2,4.511183977127075,1,10,0,-1
42,1,0,33.262399673461914,2,9,0,-1
42,2,3,27.968857765197754,3,8,0,-1
42,3,2,0.7924812436103821,4,7,0,-1
42,4,0,32.03555870056152,5,6,0,-1
42,5,-1,-1.0,-1,-1,1,1
42,6,-1,-1.0,-1,-1,1,0
42,7,-1,-1.0,-1,-1,1,1
42,8,-1,-1.0,-1,-1,1,1
42,9,-1,-1.0,-1,-1,1,1
42,10,1,18.629173278808594,11,36,0,-1
42,11,1,17.348347663879395,12,33,0,-1
42,12,0,14.861603260040283,13,24,0,-1
42,13,1,15.626313209533691,14,17,0,-1
42,14,4,7.248426675796509,15,16,0,-1
42,15,-1,-1.0,-1,-1,1,1
42,16,-1,-1.0,-1,-1,1,0
42,17,1,16.759275436401367,18,23,0,-1
42,18,3,12.383405685424805,19,20,0,-1
42,19,-1,-1.0,-1,-1,1,1
42,20,2,17.41202449798584,21,22,0,-1
42,21,-1,-1.0,-1,-1,1,1
42,22,-1,-1.0,-1,-1,1,0
42,23,-1,-1.0,-1,-1,1,1
42,24,2,15.24766492843628,25,32,0,-1
42,25,0,15.662426948547363,26,27,0,-1
42,26,-1,-1.0,-1,-1,1,1
42,27,4,8.610491275787354,28,31,0,-1
42,28,1,14.473461627960205,29,30,0,-1
42,29,-1,-1.0,-1,-1,1,0
42,30,-1,-1.0,-1,-1,1,1
42,31,-1,-1.0,-1,-1,1,1
42,32,-1,-1.0,-1,-1,1,0
42,33,4,7.248426675796509,34,35,0,-1
42,34,-1,-1.0,-1,-1,1,1
42,35,-1,-1.0,-1,-1,1,0
42,36,4,7.527386903762817,37,40,0,-1
42,37,4,5.998413324356079,38,39,0,-1
42,38,-1,-1.0,-1,-1,1,0
42,39,-1,-1.0,-1,-1,1,1
42,40,-1,-1.0,-1,-1,1,0
43,0,2,3.579935669898987,1,10,0,-1
43,1,4,7.339602470397949,2,3,0,-1
43,2,-1,-1.0,-1,-1,1,1
43,3,4,7.508686780929565,4,5,0,-1
43,4,-1,-1.0,-1,-1,1,0
43,5,2,0.5,6,7,0,-1
43,6,-1,-1.0,-1,-1,1,1
43,7,4,8.570554733276367,8,9,0,-1
43,8,-1,-1.0,-1,-1,1,0
43,9,-1,-1.0,-1,-1,1,1
43,10,1,18.748934745788574,11,26,0,-1
43,11,4,7.24026894569397,12,23,0,-1
43,12,4,5.998413324356079,13,14,0,-1
43,13,-1,-1.0,-1,-1,1,0
43,14,4,6.238373279571533,15,22,0,-1
43,15,3,12.908254146575928,16,17,0,-1
43,16,-1,-1.0,-1,-1,1,1
43,17,0,13.46965217590332,18,19,0,-1
43,18,-1,-1.0,-1,-1,1,0
43,19,3,14.585848331451416,20,21,0,-1
43,20,-1,-1.0,-1,-1,1,1
43,21,-1,-1.0,-1,-1,1,1
43,22,-1,-1.0,-1,-1,1,1
43,23,2,10.319251775741577,24,25,0,-1
43,24,-1,-1.0,-1,-1,1,1
43,25,-1,-1.0,-1,-1,1,0
43,26,4,7.474366188049316,27,28,0,-1
43,27,-1,-1.0,-1,-1,1,1
43,28,-1,-1.0,-1,-1,1,0
44,0,4,7.94175124168396,1,22,0,-1
44,1,2,18.685498237609863,2,21,0,-1
44,2,4,5.942466974258423,3,4,0,-1
44,3,-1,-1.0,-1,-1,1,0
44,4,4,7.184866905212402,5,14,0,-1
44,5,4,6.2191362380981445,6,13,0,-1
44,6,0,32.556800842285156,7,12,0,-1
44,7,4,6.097993612289429,8,9,0,-1
44,8,-1,-1.0,-1,-1,1,1
44,9,3,20.12877893447876,10,11,0,-1
44,10,-1,-1.0,-1,-1,1,1
44,11,-1,-1.0,-1,-1,1,0
44,12,-1,-1.0,-1,-1,1,0
44,13,-1,-1.0,-1,-1,1,1
44,14,0,35.370779037475586,15,20,0,-1
44,15,1,1.0,16,19,0,-1
44,16,0,31.03735065460205,17,18,0,-1
44,17,-1,-1.0,-1,-1,1,1
44,18,-1,-1.0,-1,-1,1,0
44,19,-1,-1.0,-1,-1,1,1
44,20,-1,-1.0,-1,-1,1,1
44,21,-1,-1.0,-1,-1,1,1
44,22,2,9.936238527297974,23,24,0,-1
44,23,-1,-1.0,-1,-1,1,1
44,24,-1,-1.0,-1,-1,1,0
45,0,4,7.985839128494263,1,14,0,-1
45,1,4,5.942466974258423,2,3,0,-1
45,2,-1,-1.0,-1,-1,1,0
45,3,0,32.782230377197266,4,9,0,-1
45,4,2,17.951152801513672,5,8,0,-1
45,5,0,13.01835584640503,6,7,0,-1
45,6,-1,-1.0,-1,-1,1,0
45,7,-1,-1.0,-1,-1,1,1
45,8,-1,-1.0,-1,-1,1,1
45,9,3,28.231857299804688,10,13,0,-1
45,10,3,27.544092178344727,11,12,0,-1
45,11,-1,-1.0,-1,-1,1,1
45,12,-1,-1.0,-1,-1,1,0
45,13,-1,-1.0,-1,-1,1,1
45,14,0,21.674684524536133,15,16,0,-1
45,15,-1,-1.0,-1,-1,1,0
45,16,-1,-1.0,-1,-1,1,1
46,0,4,7.94175124168396,1,4,0,-1
46,1,4,5.942466974258423,2,3,0,-1
46,2,-1,-1.0,-1,-1,1,0
46,3,-1,-1.0,-1,-1,1,1
46,4,0,24.285067558288574,5,6,0,-1
46,5,-1,-1.0,-1,-1,1,0
46,6,-1,-1.0,-1,-1,1,1
47,0,4,7.985839128494263,1,14,0,-1
47,1,0,26.42076015472412,2,5,0,-1
47,2,4,5.9540088176727295,3,4,0,-1
47,3,-1,-1.0,-1,-1,1,0
47,4,-1,-1.0,-1,-1,1,1
47,5,4,5.942466974258423,6,7,0,-1
47,6,-1,-1.0,-1,-1,1,0
47,7,4,7.280166387557983,8,9,0,-1
47,8,-1,-1.0,-1,-1,1,1
47,9,3,28.144550323486328,10,11,0,-1
47,10,-1,-1.0,-1,-1,1,0
47,11,4,7.330888986587524,12,13,0,-1
47,12,-1,-1.0,-1,-1,1,0
47,13,-1,-1.0,-1,-1,1,1
47,14,3,19.413214683532715,15,16,0,-1
47,15,-1,-1.0,-1,-1,1,0
47,16,2,6.164898157119751,17,18,0,-1
47,17,-1,-1.0,-1,-1,1,1
47,18,-1,-1.0,-1,-1,1,0
48,0,1,5.222507476806641,1,18,0,-1
48,1,4,5.942466974258423,2,3,0,-1
48,2,-1,-1.0,-1,-1,1,0
48,3,0,33.748741149902344,4,17,0,-1
48,4,3,26.737560272216797,5,6,0,-1
48,5,-1,-1.0,-1,-1,1,1
48,6,4,6.086057424545288,7,8,0,-1
48,7,-1,-1.0,-1,-1,1,1
48,8,4,8.073194980621338,9,16,0,-1
48,9,4,7.123370409011841,10,13,0,-1
48,10,0,31.3505916595459,11,12,0,-1
48,11,-1,-1.0,-1,-1,1,0
48,12,-1,-1.0,-1,-1,1,1
48,13,0,32.753034591674805,14,15,0,-1
48,14,-1,-1.0,-1,-1,1,1
48,15,-1,-1.0,-1,-1,1,0
48,16,-1,-1.0,-1,-1,1,1
48,17,-1,-1.0,-1,-1,1,1
48,18,4,7.474366188049316,19,22,0,-1
48,19,4,5.998413324356079,20,21,0,-1
48,20,-1,-1.0,-1,-1,1,0
48,21,-1,-1.0,-1,-1,1,1
48,22,-1,-1.0,-1,-1,1,0
49,0,4,7.832001447677612,1,18,0,-1
49,1,0,32.569068908691406,2,13,0,-1
49,2,4,7.559794664382935,3,12,0,-1
49,3,2,19.072200775146484,4,11,0,-1
49,4,3,11.829920768737793,5,6,0,-1
49,5,-1,-1.0,-1,-1,1,0
49,6,2,17.978036880493164,7,8,0,-1
49,7,-1,-1.0,-1,-1,1,1
49,8,4,6.0091001987457275,9,10,0,-1
49,9,-1,-1.0,-1,-1,1,0
49,10,-1,-1.0,-1,-1,1,1
49,11,-1,-1.0,-1,-1,1,1
49,12,-1,-1.0,-1,-1,1,0
49,13,3,29.426756858825684,14,17,0,-1
49,14,3,28.52971839904785,15,16,0,-1
49,15,-1,-1.0,-1,-1,1,1
49,16,-1,-1.0,-1,-1,1,0
49,17,-1,-1.0,-1,-1,1,1
49,18,2,5.740899562835693,19,20,0,-1
49,19,-1,-1.0,-1,-1,1,1
49,20,-1,-1.0,-1,-1,1,0
50,0,1,4.522197008132935,1,10,0,-1
50,1,0,34.25465202331543,2,3,0,-1
50,2,-1,-1.0,-1,-1,1,1
50,3,4,7.1286940574646,4,5,0,-1
50,4,-1,-1.0,-1,-1,1,1
50,5,4,7.241404056549072,6,9,0,-1
50,6,0,35.79146957397461,7,8,0,-1
50,7,-1,-1.0,-1,-1,1,0
50,8,-1,-1.0,-1,-1,1,1
50,9,-1,-1.0,-1,-1,1,1
50,10,1,18.784598350524902,11,42,0,-1
50,11,3,12.127176284790039,12,27,0,-1
50,12,3,11.898950576782227,13,22,0,-1
50,13,3,11.498847007751465,14,17,0,-1
50,14,4,7.3333892822265625,15,16,0,-1
50,15,-1,-1.0,-1,-1,1,1
50,16,-1,-1.0,-1,-1,1,0
50,17,1,17.501696586608887,18,19,0,-1
50,18,-1,-1.0,-1,-1,1,1
50,19,4,7.213656187057495,20,21,0,-1
50,20,-1,-1.0,-1,-1,1,1
50,21,-1,-1.0,-1,-1,1,0
50,22,2,18.982234001159668,23,26,0,-1
50,23,4,7.248426675796509,24,25,0,-1
50,24,-1,-1.0,-1,-1,1,1
50,25,-1,-1.0,-1,-1,1,0
50,26,-1,-1.0,-1,-1,1,1
50,27,3,14.930300235748291,28,35,0,-1
50,28,4,7.313310623168945,29,34,0,-1
50,29,3,14.88179349899292,30,31,0,-1
50,30,-1,-1.0,-1,-1,1,1
50,31,4,6.319104909896851,32,33,0,-1
50,32,-1,-1.0,-1,-1,1,0
50,33,-1,-1.0,-1,-1,1,1
50,34,-1,-1.0,-1,-1,1,0
50,35,1,16.54253578186035,36,41,0,-1
50,36,4,7.673118352890015,37,40,0,-1
50,37,3,23.893982887268066,38,39,0,-1
50,38,-1,-1.0,-1,-1,1,1
50,39,-1,-1.0,-1,-1,1,0
50,40,-1,-1.0,-1,-1,1,0
50,41,-1,-1.0,-1,-1,1,1
50,42,4,7.323448181152344,43,46,0,-1
50,43,4,5.998413324356079,44,45,0,-1
50,44,-1,-1.0,-1,-1,1,0
50,45,-1,-1.0,-1,-1,1,1
50,46,-1,-1.0,-1,-1,1,0
51,0,3,16.203988075256348,1,4,0,-1
51,1,4,7.527386903762817,2,3,0,-1
51,2,-1,-1.0,-1,-1,1,1
51,3,-1,-1.0,-1,-1,1,0
51,4,0,33.176137924194336,5,16,0,-1
51,5,4,5.942466974258423,6,7,0,-1
51,6,-1,-1.0,-1,-1,1,0
51,7,4,7.3718650341033936,8,9,0,-1
51,8,-1,-1.0,-1,-1,1,1
51,9,0,32.34012985229492,10,15,0,-1
51,10,0,29.59946918487549,11,12,0,-1
51,11,-1,-1.0,-1,-1,1,1
51,12,3,27.582866668701172,13,14,0,-1
51,13,-1,-1.0,-1,-1,1,0
51,14,-1,-1.0,-1,-1,1,1
51,15,-1,-1.0,-1,-1,1,0
51,16,-1,-1.0,-1,-1,1,1
52,0,1,4.425874471664429,1,10,0,-1
52,1,2,0.5,2,9,0,-1
52,2,3,28.788994789123535,3,8,0,-1
52,3,0,32.35915756225586,4,7,0,-1
52,4,4,7.390679836273193,5,6,0,-1
52,5,-1,-1.0,-1,-1,1,1
52,6,-1,-1.0,-1,-1,1,0
52,7,-1,-1.0,-1,-1,1,0
52,8,-1,-1.0,-1,-1,1,1
52,9,-1,-1.0,-1,-1,1,1
52,10,1,18.737442016601562,11,24,0,-1
52,11,1,17.36055564880371,12,21,0,-1
52,12,0,14.961082458496094,13,16,0,-1
52,13,4,7.289657831192017,14,15,0,-1
52,14,-1,-1.0,-1,-1,1,1
52,15,-1,-1.0,-1,-1,1,0
52,16,3,19.679497718811035,17,18,0,-1
52,17,-1,-1.0,-1,-1,1,0
52,18,4,5.9540088176727295,19,20,0,-1
52,19,-1,-1.0,-1,-1,1,0
52,20,-1,-1.0,-1,-1,1,1
52,21,4,7.485816717147827,22,23,0,-1
52,22,-1,-1.0,-1,-1,1,1
52,23,-1,-1.0,-1,-1,1,0
52,24,4,7.521983623504639,25,26,0,-1
52,25,-1,-1.0,-1,-1,1,1
52,26,-1,-1.0,-1,-1,1,0
53,0,4,7.985839128494263,1,10,0,-1
53,1,4,5.965368747711182,2,5,0,-1
53,2,0,32.200979232788086,3,4,0,-1
53,3,-1,-1.0,-1,-1,1,0
53,4,-1,-1.0,-1,-1,1,1
53,5,4,7.867196083068848,6,7,0,-1
53,6,-1,-1.0,-1,-1,1,1
53,7,1,9.204904556274414,8,9,0,-1
53,8,-1,-1.0,-1,-1,1,1
53,9,-1,-1.0,-1,-1,1,0
53,10,3,19.188472747802734,11,12,0,-1
53,11,-1,-1.0,-1,-1,1,0
53,12,-1,-1.0,-1,-1,1,1
54,0,2,3.6427011489868164,1,8,0,-1
54,1,4,7.988673448562622,2,3,0,-1
54,2,-1,-1.0,-1,-1,1,1
54,3,0,33.49837684631348,4,7,0,-1
54,4,4,8.220718383789062,5,6,0,-1
54,5,-1,-1.0,-1,-1,1,0
54,6,-1,-1.0,-1,-1,1,1
54,7,-1,-1.0,-1,-1,1,1
54,8,3,12.444283485412598,9,16,0,-1
54,9,4,7.468962907791138,10,15,0,-1
54,10,3,12.152722835540771,11,12,0,-1
54,11,-1,-1.0,-1,-1,1,1
54,12,2,18.713583946228027,13,14,0,-1
54,13,-1,-1.0,-1,-1,1,1
54,14,-1,-1.0,-1,-1,1,0
54,15,-1,-1.0,-1,-1,1,0
54,16,3,15.023871898651123,17,20,0,-1
54,17,4,7.263921737670898,18,19,0,-1
54,18,-1,-1.0,-1,-1,1,1
54,19,-1,-1.0,-1,-1,1,0
54,20,0,15.913567066192627,21,24,0,-1
54,21,4,7.24026894569397,22,23,0,-1
54,22,-1,-1.0,-1,-1,1,1
54,23,-1,-1.0,-1,-1,1,0
54,24,3,24.11306667327881,25,30,0,-1
54,25,0,21.2041654586792,26,29,0,-1
54,26,3,16.227517127990723,27,28,0,-1
54,27,-1,-1.0,-1,-1,1,1
54,28,-1,-1.0,-1,-1,1,0
54,29,-1,-1.0,-1,-1,1,1
54,30,-1,-1.0,-1,-1,1,0
55,0,0,17.934133529663086,1,10,0,-1
55,1,3,12.461528778076172,2,5,0,-1
55,2,4,7.468962907791138,3,4,0,-1
55,3,-1,-1.0,-1,-1,1,1
55,4,-1,-1.0,-1,-1,1,0
55,5,4,7.263921737670898,6,9,0,-1
55,6,4,5.998413324356079,7,8,0,-1
55,7,-1,-1.0,-1,-1,1,0
55,8,-1,-1.0,-1,-1,1,1
55,9,-1,-1.0,-1,-1,1,0
55,10,1,4.435182571411133,11,18,0,-1
55,11,0,33.76894760131836,12,17,0,-1
55,12,3,28.7806453704834,13,14,0,-1
55,13,-1,-1.0,-1,-1,1,1
55,14,3,28.964527130126953,15,16,0,-1
55,15,-1,-1.0,-1,-1,1,0
55,16,-1,-1.0,-1,-1,1,1
55,17,-1,-1.0,-1,-1,1,1
55,18,3,24.4173002243042,19,20,0,-1
55,19,-1,-1.0,-1,-1,1,1
55,20,-1,-1.0,-1,-1,1,0
56,0,4,7.9567484855651855,1,22,0,-1
56,1,2,15.829660415649414,2,17,0,-1
56,2,2,4.5463786125183105,3,14,0,-1
56,3,3,28.996460914611816,4,13,0,-1
56,4,4,7.118791580200195,5,6,0,-1
56,5,-1,-1.0,-1,-1,1,1
56,6,0,29.409442901611328,7,8,0,-1
56,7,-1,-1.0,-1,-1,1,1
56,8,0,32.36514854431152,9,10,0,-1
56,9,-1,-1.0,-1,-1,1,0
56,10,0,33.0784912109375,11,12,0,-1
56,11,-1,-1.0,-1,-1,1,1
56,12,-1,-1.0,-1,-1,1,1
56,13,-1,-1.0,-1,-1,1,1
56,14,4,5.9540088176727295,15,16,0,-1
56,15,-1,-1.0,-1,-1,1,0
56,16,-1,-1.0,-1,-1,1,1
56,17,0,11.920909881591797,18,19,0,-1
56,18,-1,-1.0,-1,-1,1,1
56,19,2,18.941364288330078,20,21,0,-1
56,20,-1,-1.0,-1,-1,1,1
56,21,-1,-1.0,-1,-1,1,0
56,22,1,8.774095058441162,23,24,0,-1
56,23,-1,-1.0,-1,-1,1,1
56,24,-1,-1.0,-1,-1,1,0
57,0,2,4.522197008132935,1,6,0,-1
57,1,4,9.22380018234253,2,3,0,-1
57,2,-1,-1.0,-1,-1,1,1
57,3,4,9.39339017868042,4,5,0,-1
57,4,-1,-1.0,-1,-1,1,0
57,5,-1,-1.0,-1,-1,1,1
57,6,1,18.676616668701172,7,42,0,-1
57,7,2,18.521677017211914,8,27,0,-1
57,8,0,14.92335033416748,9,16,0,-1
57,9,0,13.2168550491333,10,15,0,-1
57,10,1,17.12715244293213,11,12,0,-1
57,11,-1,-1.0,-1,-1,1,0
57,12,1,18.59943389892578,13,14,0,-1
57,13,-1,-1.0,-1,-1,1,1
57,14,-1,-1.0,-1,-1,1,0
57,15,-1,-1.0,-1,-1,1,1
57,16,3,13.851216316223145,17,18,0,-1
57,17,-1,-1.0,-1,-1,1,1
57,18,3,15.156896591186523,19,24,0,-1
57,19,3,15.144227981567383,20,23,0,-1
57,20,1,14.62659502029419,21,22,0,-1
57,21,-1,-1.0,-1,-1,1,0
57,22,-1,-1.0,-1,-1,1,0
57,23,-1,-1.0,-1,-1,1,1
57,24,4,8.592766761779785,25,26,0,-1
57,25,-1,-1.0,-1,-1,1,0
57,26,-1,-1.0,-1,-1,1,1
57,27,3,11.400865077972412,28,29,0,-1
57,28,-1,-1.0,-1,-1,1,0
57,29,3,11.414140224456787,30,31,0,-1
57,30,-1,-1.0,-1,-1,1,1
57,31,1,17.334895133972168,32,35,0,-1
57,32,4,7.26520299911499,33,34,0,-1
57,33,-1,-1.0,-1,-1,1,1
57,34,-1,-1.0,-1,-1,1,0
57,35,1,18.35369300842285,36,39,0,-1
57,36,4,7.184696435928345,37,38,0,-1
57,37,-1,-1.0,-1,-1,1,1
57,38,-1,-1.0,-1,-1,1,0
57,39,4,7.274471044540405,40,41,0,-1
57,40,-1,-1.0,-1,-1,1,1
57,41,-1,-1.0,-1,-1,1,0
57,42,4,7.527386903762817,43,44,0,-1
57,43,-1,-1.0,-1,-1,1,1
57,44,-1,-1.0,-1,-1,1,0
58,0,1,4.660964012145996,1,10,0,-1
58,1,0,34.48293495178223,2,9,0,-1
58,2,0,32.429269790649414,3,4,0,-1
58,3,-1,-1.0,-1,-1,1,1
58,4,3,29.40221118927002,5,8,0,-1
58,5,4,8.349128246307373,6,7,0,-1
58,6,-1,-1.0,-1,-1,1,0
58,7,-1,-1.0,-1,-1,1,1
58,8,-1,-1.0,-1,-1,1,1
58,9,-1,-1.0,-1,-1,1,1
58,10,1,18.770465850830078,11,28,0,-1
58,11,0,12.17818546295166,12,17,0,-1
58,12,1,17.44859218597412,13,14,0,-1
58,13,-1,-1.0,-1,-1,1,1
58,14,4,7.201872110366821,15,16,0,-1
58,15,-1,-1.0,-1,-1,1,1
58,16,-1,-1.0,-1,-1,1,0
58,17,4,7.091507434844971,18,27,0,-1
58,18,2,10.301512241363525,19,20,0,-1
58,19,-1,-1.0,-1,-1,1,0
58,20,3,14.858481407165527,21,22,0,-1
58,21,-1,-1.0,-1,-1,1,1
58,22,2,15.985481262207031,23,26,0,-1
58,23,1,16.751964569091797,24,25,0,-1
58,24,-1,-1.0,-1,-1,1,1
58,25,-1,-1.0,-1,-1,1,0
58,26,-1,-1.0,-1,-1,1,0
58,27,-1,-1.0,-1,-1,1,0
58,28,4,7.527386903762817,29,32,0,-1
58,29,4,5.998413324356079,30,31,0,-1
58,30,-1,-1.0,-1,-1,1,0
58,31,-1,-1.0,-1,-1,1,1
58,32,-1,-1.0,-1,-1,1,0
59,0,4,7.860923528671265,1,10,0,-1
59,1,2,4.599836111068726,2,3,0,-1
59,2,-1,-1.0,-1,-1,1,1
59,3,3,24.691234588623047,4,9,0,-1
59,4,3,12.011892795562744,5,6,0,-1
59,5,-1,-1.0,-1,-1,1,1
59,6,4,5.998413324356079,7,8,0,-1
59,7,-1,-1.0,-1,-1,1,0
59,8,-1,-1.0,-1,-1,1,1
59,9,-1,-1.0,-1,-1,1,0
59,10,1,8.896560192108154,11,12,0,-1
59,11,-1,-1.0,-1,-1,1,1
59,12,-1,-1.0,-1,-1,1,0
